{
  "project_info": {
    "project_number": "583474626614",
    "firebase_url": "https://test-b0e0f.firebaseio.com",
    "project_id": "test-b0e0f",
    "storage_bucket": "test-b0e0f.appspot.com"
  },
  "client": [
    {
      "client_info": {
        "mobilesdk_app_id": "1:583474626614:android:d116e99dafee99e4f95897",
        "android_client_info": {
          "package_name": "com.example.myapplication"
        }
      },
      "oauth_client": [
        {
          "client_id": "583474626614-tv12p7e2epv12djm13aa1ui04kbh92f0.apps.googleusercontent.com",
          "client_type": 1,
          "android_info": {
            "package_name": "com.example.myapplication",
            "certificate_hash": "17db363de3efa9e7b99af7bc910f98ce2f6c3098"
          }
        },
        {
          "client_id": "583474626614-lvskua2aovhreqmi71rf1gl2cnfbmeih.apps.googleusercontent.com",
          "client_type": 3
        }
      ],
      "api_key": [
        {
          "current_key": "AIzaSyCAyHHRom-i-8V0M_NfBqbij_feNv3TRk8"
        }
      ],
      "services": {
        "appinvite_service": {
          "other_platform_oauth_client": [
            {
              "client_id": "583474626614-lvskua2aovhreqmi71rf1gl2cnfbmeih.apps.googleusercontent.com",
              "client_type": 3
            }
          ]
        }
      }
    }
  ],
  "configuration_version": "1"
}