{
  "project_info": {
    "project_number": "831114302248",
    "firebase_url": "https://learning-kotlin-89eed.firebaseio.com",
    "project_id": "learning-kotlin-89eed",
    "storage_bucket": "learning-kotlin-89eed.appspot.com"
  },
  "client": [
    {
      "client_info": {
        "mobilesdk_app_id": "1:831114302248:android:0da6c64adbc7cf771fb61d",
        "android_client_info": {
          "package_name": "com.example.firebase"
        }
      },
      "oauth_client": [
        {
          "client_id": "831114302248-2gvni04oh22i3er547voni1l8mou0rb1.apps.googleusercontent.com",
          "client_type": 1,
          "android_info": {
            "package_name": "com.example.firebase",
            "certificate_hash": "17db363de3efa9e7b99af7bc910f98ce2f6c3098"
          }
        },
        {
          "client_id": "831114302248-scrjbijjrnqp2tqo3k42iuus3a2qq4b2.apps.googleusercontent.com",
          "client_type": 3
        }
      ],
      "api_key": [
        {
          "current_key": "AIzaSyDEIiMxRoJdYRVLAo_GQQKA7osRG7d5WBg"
        }
      ],
      "services": {
        "appinvite_service": {
          "other_platform_oauth_client": [
            {
              "client_id": "831114302248-scrjbijjrnqp2tqo3k42iuus3a2qq4b2.apps.googleusercontent.com",
              "client_type": 3
            }
          ]
        }
      }
    }
  ],
  "configuration_version": "1"
}